{
    "ordering": [
        [
            "A1",
            "B1",
            "C1",
            "D1",
            "E1",
            "F1"
        ],
        [
            "A2",
            "B2",
            "C2",
            "D2",
            "E2",
            "F2"
        ],
        [
            "A3",
            "B3",
            "C3",
            "D3",
            "E3",
            "F3"
        ],
        [
            "A4",
            "B4",
            "C4",
            "D4",
            "E4",
            "F4"
        ],
        [
            "A5",
            "B5",
            "C5",
            "D5",
            "E5",
            "F5"
        ],
        [
            "A6",
            "B6",
            "C6",
            "D6",
            "E6",
            "F6"
        ]
    ],
    "brand": {
        "brand": "CH_0.5ml_centrifuge_rack",
        "brandId": []
    },
    "metadata": {
        "displayName": "CH_0.5ml_centrifuge_rack 36 Tube Rack with 0.5ml_centrifuge_tube 0.5 mL",
        "displayCategory": "tubeRack",
        "displayVolumeUnits": "µL",
        "tags": []
    },
    "dimensions": {
        "xDimension": 127.76,
        "yDimension": 85.6,
        "zDimension": 33
    },
    "wells": {
        "A1": {
            "depth": 27.9,
            "totalLiquidVolume": 500,
            "shape": "circular",
            "diameter": 7.5,
            "x": 16.14,
            "y": 75.82,
            "z": 5.1
        },
        "B1": {
            "depth": 27.9,
            "totalLiquidVolume": 500,
            "shape": "circular",
            "diameter": 7.5,
            "x": 16.14,
            "y": 62.63,
            "z": 5.1
        },
        "C1": {
            "depth": 27.9,
            "totalLiquidVolume": 500,
            "shape": "circular",
            "diameter": 7.5,
            "x": 16.14,
            "y": 49.44,
            "z": 5.1
        },
        "D1": {
            "depth": 27.9,
            "totalLiquidVolume": 500,
            "shape": "circular",
            "diameter": 7.5,
            "x": 16.14,
            "y": 36.25,
            "z": 5.1
        },
        "E1": {
            "depth": 27.9,
            "totalLiquidVolume": 500,
            "shape": "circular",
            "diameter": 7.5,
            "x": 16.14,
            "y": 23.06,
            "z": 5.1
        },
        "F1": {
            "depth": 27.9,
            "totalLiquidVolume": 500,
            "shape": "circular",
            "diameter": 7.5,
            "x": 16.14,
            "y": 9.87,
            "z": 5.1
        },
        "A2": {
            "depth": 27.9,
            "totalLiquidVolume": 500,
            "shape": "circular",
            "diameter": 7.5,
            "x": 36.5,
            "y": 75.82,
            "z": 5.1
        },
        "B2": {
            "depth": 27.9,
            "totalLiquidVolume": 500,
            "shape": "circular",
            "diameter": 7.5,
            "x": 36.5,
            "y": 62.63,
            "z": 5.1
        },
        "C2": {
            "depth": 27.9,
            "totalLiquidVolume": 500,
            "shape": "circular",
            "diameter": 7.5,
            "x": 36.5,
            "y": 49.44,
            "z": 5.1
        },
        "D2": {
            "depth": 27.9,
            "totalLiquidVolume": 500,
            "shape": "circular",
            "diameter": 7.5,
            "x": 36.5,
            "y": 36.25,
            "z": 5.1
        },
        "E2": {
            "depth": 27.9,
            "totalLiquidVolume": 500,
            "shape": "circular",
            "diameter": 7.5,
            "x": 36.5,
            "y": 23.06,
            "z": 5.1
        },
        "F2": {
            "depth": 27.9,
            "totalLiquidVolume": 500,
            "shape": "circular",
            "diameter": 7.5,
            "x": 36.5,
            "y": 9.87,
            "z": 5.1
        },
        "A3": {
            "depth": 27.9,
            "totalLiquidVolume": 500,
            "shape": "circular",
            "diameter": 7.5,
            "x": 56.86,
            "y": 75.82,
            "z": 5.1
        },
        "B3": {
            "depth": 27.9,
            "totalLiquidVolume": 500,
            "shape": "circular",
            "diameter": 7.5,
            "x": 56.86,
            "y": 62.63,
            "z": 5.1
        },
        "C3": {
            "depth": 27.9,
            "totalLiquidVolume": 500,
            "shape": "circular",
            "diameter": 7.5,
            "x": 56.86,
            "y": 49.44,
            "z": 5.1
        },
        "D3": {
            "depth": 27.9,
            "totalLiquidVolume": 500,
            "shape": "circular",
            "diameter": 7.5,
            "x": 56.86,
            "y": 36.25,
            "z": 5.1
        },
        "E3": {
            "depth": 27.9,
            "totalLiquidVolume": 500,
            "shape": "circular",
            "diameter": 7.5,
            "x": 56.86,
            "y": 23.06,
            "z": 5.1
        },
        "F3": {
            "depth": 27.9,
            "totalLiquidVolume": 500,
            "shape": "circular",
            "diameter": 7.5,
            "x": 56.86,
            "y": 9.87,
            "z": 5.1
        },
        "A4": {
            "depth": 27.9,
            "totalLiquidVolume": 500,
            "shape": "circular",
            "diameter": 7.5,
            "x": 77.22,
            "y": 75.82,
            "z": 5.1
        },
        "B4": {
            "depth": 27.9,
            "totalLiquidVolume": 500,
            "shape": "circular",
            "diameter": 7.5,
            "x": 77.22,
            "y": 62.63,
            "z": 5.1
        },
        "C4": {
            "depth": 27.9,
            "totalLiquidVolume": 500,
            "shape": "circular",
            "diameter": 7.5,
            "x": 77.22,
            "y": 49.44,
            "z": 5.1
        },
        "D4": {
            "depth": 27.9,
            "totalLiquidVolume": 500,
            "shape": "circular",
            "diameter": 7.5,
            "x": 77.22,
            "y": 36.25,
            "z": 5.1
        },
        "E4": {
            "depth": 27.9,
            "totalLiquidVolume": 500,
            "shape": "circular",
            "diameter": 7.5,
            "x": 77.22,
            "y": 23.06,
            "z": 5.1
        },
        "F4": {
            "depth": 27.9,
            "totalLiquidVolume": 500,
            "shape": "circular",
            "diameter": 7.5,
            "x": 77.22,
            "y": 9.87,
            "z": 5.1
        },
        "A5": {
            "depth": 27.9,
            "totalLiquidVolume": 500,
            "shape": "circular",
            "diameter": 7.5,
            "x": 97.58,
            "y": 75.82,
            "z": 5.1
        },
        "B5": {
            "depth": 27.9,
            "totalLiquidVolume": 500,
            "shape": "circular",
            "diameter": 7.5,
            "x": 97.58,
            "y": 62.63,
            "z": 5.1
        },
        "C5": {
            "depth": 27.9,
            "totalLiquidVolume": 500,
            "shape": "circular",
            "diameter": 7.5,
            "x": 97.58,
            "y": 49.44,
            "z": 5.1
        },
        "D5": {
            "depth": 27.9,
            "totalLiquidVolume": 500,
            "shape": "circular",
            "diameter": 7.5,
            "x": 97.58,
            "y": 36.25,
            "z": 5.1
        },
        "E5": {
            "depth": 27.9,
            "totalLiquidVolume": 500,
            "shape": "circular",
            "diameter": 7.5,
            "x": 97.58,
            "y": 23.06,
            "z": 5.1
        },
        "F5": {
            "depth": 27.9,
            "totalLiquidVolume": 500,
            "shape": "circular",
            "diameter": 7.5,
            "x": 97.58,
            "y": 9.87,
            "z": 5.1
        },
        "A6": {
            "depth": 27.9,
            "totalLiquidVolume": 500,
            "shape": "circular",
            "diameter": 7.5,
            "x": 117.94,
            "y": 75.82,
            "z": 5.1
        },
        "B6": {
            "depth": 27.9,
            "totalLiquidVolume": 500,
            "shape": "circular",
            "diameter": 7.5,
            "x": 117.94,
            "y": 62.63,
            "z": 5.1
        },
        "C6": {
            "depth": 27.9,
            "totalLiquidVolume": 500,
            "shape": "circular",
            "diameter": 7.5,
            "x": 117.94,
            "y": 49.44,
            "z": 5.1
        },
        "D6": {
            "depth": 27.9,
            "totalLiquidVolume": 500,
            "shape": "circular",
            "diameter": 7.5,
            "x": 117.94,
            "y": 36.25,
            "z": 5.1
        },
        "E6": {
            "depth": 27.9,
            "totalLiquidVolume": 500,
            "shape": "circular",
            "diameter": 7.5,
            "x": 117.94,
            "y": 23.06,
            "z": 5.1
        },
        "F6": {
            "depth": 27.9,
            "totalLiquidVolume": 500,
            "shape": "circular",
            "diameter": 7.5,
            "x": 117.94,
            "y": 9.87,
            "z": 5.1
        }
    },
    "groups": [
        {
            "brand": {
                "brand": "0.5ml_centrifuge_tube",
                "brandId": []
            },
            "metadata": {
                "wellBottomShape": "v",
                "displayCategory": "tubeRack"
            },
            "wells": [
                "A1",
                "B1",
                "C1",
                "D1",
                "E1",
                "F1",
                "A2",
                "B2",
                "C2",
                "D2",
                "E2",
                "F2",
                "A3",
                "B3",
                "C3",
                "D3",
                "E3",
                "F3",
                "A4",
                "B4",
                "C4",
                "D4",
                "E4",
                "F4",
                "A5",
                "B5",
                "C5",
                "D5",
                "E5",
                "F5",
                "A6",
                "B6",
                "C6",
                "D6",
                "E6",
                "F6"
            ]
        }
    ],
    "parameters": {
        "format": "irregular",
        "quirks": [],
        "isTiprack": false,
        "isMagneticModuleCompatible": false,
        "loadName": "ch0.5mlcentrifugerack_36_tuberack_500ul"
    },
    "namespace": "custom_beta",
    "version": 1,
    "schemaVersion": 2,
    "cornerOffsetFromSlot": {
        "x": 0,
        "y": 0,
        "z": 0
    }
}